--------------------------------------------------------
--  Fichier créé - vendredi-décembre-05-2014   
--------------------------------------------------------
--------------------------------------------------------
--  DDL for Table ANSWER
--------------------------------------------------------

  CREATE TABLE "MARTIJUA"."ANSWER" 
   (	"ANSWERID" NUMBER(*,0), 
	"QUESTIONID" NUMBER(*,0), 
	"ANSWER" VARCHAR2(30 BYTE), 
	"CORRECT" NUMBER(*,0)
   ) SEGMENT CREATION IMMEDIATE 
  PCTFREE 10 PCTUSED 40 INITRANS 1 MAXTRANS 255 
 NOCOMPRESS LOGGING
  STORAGE(INITIAL 65536 NEXT 1048576 MINEXTENTS 1 MAXEXTENTS 2147483645
  PCTINCREASE 0 FREELISTS 1 FREELIST GROUPS 1
  BUFFER_POOL DEFAULT FLASH_CACHE DEFAULT CELL_FLASH_CACHE DEFAULT)
  TABLESPACE "USERS" ;
--------------------------------------------------------
--  DDL for Table CATEGORY
--------------------------------------------------------

  CREATE TABLE "MARTIJUA"."CATEGORY" 
   (	"CATEGORYNAME" VARCHAR2(40 BYTE)
   ) SEGMENT CREATION IMMEDIATE 
  PCTFREE 10 PCTUSED 40 INITRANS 1 MAXTRANS 255 
 NOCOMPRESS LOGGING
  STORAGE(INITIAL 65536 NEXT 1048576 MINEXTENTS 1 MAXEXTENTS 2147483645
  PCTINCREASE 0 FREELISTS 1 FREELIST GROUPS 1
  BUFFER_POOL DEFAULT FLASH_CACHE DEFAULT CELL_FLASH_CACHE DEFAULT)
  TABLESPACE "USERS" ;
--------------------------------------------------------
--  DDL for Table DUEL
--------------------------------------------------------

  CREATE TABLE "MARTIJUA"."DUEL" 
   (	"DUELID" NUMBER(*,0), 
	"STATUS" VARCHAR2(20 BYTE), 
	"SCOREPLAYER1" NUMBER(*,0), 
	"SCOREPLAYER2" NUMBER(*,0), 
	"TURN" VARCHAR2(20 BYTE)
   ) SEGMENT CREATION IMMEDIATE 
  PCTFREE 10 PCTUSED 40 INITRANS 1 MAXTRANS 255 
 NOCOMPRESS LOGGING
  STORAGE(INITIAL 65536 NEXT 1048576 MINEXTENTS 1 MAXEXTENTS 2147483645
  PCTINCREASE 0 FREELISTS 1 FREELIST GROUPS 1
  BUFFER_POOL DEFAULT FLASH_CACHE DEFAULT CELL_FLASH_CACHE DEFAULT)
  TABLESPACE "USERS" ;
--------------------------------------------------------
--  DDL for Table PLAYER
--------------------------------------------------------

  CREATE TABLE "MARTIJUA"."PLAYER" 
   (	"USERNAME" VARCHAR2(20 BYTE), 
	"PASSWORD" VARCHAR2(20 BYTE), 
	"STATE" VARCHAR2(20 BYTE), 
	"SCORE" NUMBER(*,0)
   ) SEGMENT CREATION IMMEDIATE 
  PCTFREE 10 PCTUSED 40 INITRANS 1 MAXTRANS 255 
 NOCOMPRESS LOGGING
  STORAGE(INITIAL 65536 NEXT 1048576 MINEXTENTS 1 MAXEXTENTS 2147483645
  PCTINCREASE 0 FREELISTS 1 FREELIST GROUPS 1
  BUFFER_POOL DEFAULT FLASH_CACHE DEFAULT CELL_FLASH_CACHE DEFAULT)
  TABLESPACE "USERS" ;
--------------------------------------------------------
--  DDL for Table PLAYERANSWER
--------------------------------------------------------

  CREATE TABLE "MARTIJUA"."PLAYERANSWER" 
   (	"USERNAME" VARCHAR2(20 BYTE), 
	"ANSWERID" NUMBER(*,0)
   ) SEGMENT CREATION IMMEDIATE 
  PCTFREE 10 PCTUSED 40 INITRANS 1 MAXTRANS 255 
 NOCOMPRESS LOGGING
  STORAGE(INITIAL 65536 NEXT 1048576 MINEXTENTS 1 MAXEXTENTS 2147483645
  PCTINCREASE 0 FREELISTS 1 FREELIST GROUPS 1
  BUFFER_POOL DEFAULT FLASH_CACHE DEFAULT CELL_FLASH_CACHE DEFAULT)
  TABLESPACE "USERS" ;
--------------------------------------------------------
--  DDL for Table PLAYERDUEL
--------------------------------------------------------

  CREATE TABLE "MARTIJUA"."PLAYERDUEL" 
   (	"USERNAME" VARCHAR2(20 BYTE), 
	"DUELID" NUMBER(*,0)
   ) SEGMENT CREATION IMMEDIATE 
  PCTFREE 10 PCTUSED 40 INITRANS 1 MAXTRANS 255 
 NOCOMPRESS LOGGING
  STORAGE(INITIAL 65536 NEXT 1048576 MINEXTENTS 1 MAXEXTENTS 2147483645
  PCTINCREASE 0 FREELISTS 1 FREELIST GROUPS 1
  BUFFER_POOL DEFAULT FLASH_CACHE DEFAULT CELL_FLASH_CACHE DEFAULT)
  TABLESPACE "USERS" ;
--------------------------------------------------------
--  DDL for Table QUESTION
--------------------------------------------------------

  CREATE TABLE "MARTIJUA"."QUESTION" 
   (	"QUESTIONID" NUMBER(*,0), 
	"CATEGORYNAME" VARCHAR2(40 BYTE), 
	"QUESTION" VARCHAR2(100 BYTE)
   ) SEGMENT CREATION IMMEDIATE 
  PCTFREE 10 PCTUSED 40 INITRANS 1 MAXTRANS 255 
 NOCOMPRESS LOGGING
  STORAGE(INITIAL 65536 NEXT 1048576 MINEXTENTS 1 MAXEXTENTS 2147483645
  PCTINCREASE 0 FREELISTS 1 FREELIST GROUPS 1
  BUFFER_POOL DEFAULT FLASH_CACHE DEFAULT CELL_FLASH_CACHE DEFAULT)
  TABLESPACE "USERS" ;
--------------------------------------------------------
--  DDL for Table ROUND
--------------------------------------------------------

  CREATE TABLE "MARTIJUA"."ROUND" 
   (	"DUELID" NUMBER(*,0), 
	"ROUNDID" NUMBER(*,0), 
	"CATEGORYNAME" VARCHAR2(40 BYTE)
   ) SEGMENT CREATION IMMEDIATE 
  PCTFREE 10 PCTUSED 40 INITRANS 1 MAXTRANS 255 
 NOCOMPRESS LOGGING
  STORAGE(INITIAL 65536 NEXT 1048576 MINEXTENTS 1 MAXEXTENTS 2147483645
  PCTINCREASE 0 FREELISTS 1 FREELIST GROUPS 1
  BUFFER_POOL DEFAULT FLASH_CACHE DEFAULT CELL_FLASH_CACHE DEFAULT)
  TABLESPACE "USERS" ;
--------------------------------------------------------
--  DDL for Table ROUNDQUESTION
--------------------------------------------------------

  CREATE TABLE "MARTIJUA"."ROUNDQUESTION" 
   (	"DUELID" NUMBER(*,0), 
	"ROUNDID" NUMBER(*,0), 
	"QUESTIONID" NUMBER(*,0)
   ) SEGMENT CREATION IMMEDIATE 
  PCTFREE 10 PCTUSED 40 INITRANS 1 MAXTRANS 255 
 NOCOMPRESS LOGGING
  STORAGE(INITIAL 65536 NEXT 1048576 MINEXTENTS 1 MAXEXTENTS 2147483645
  PCTINCREASE 0 FREELISTS 1 FREELIST GROUPS 1
  BUFFER_POOL DEFAULT FLASH_CACHE DEFAULT CELL_FLASH_CACHE DEFAULT)
  TABLESPACE "USERS" ;
REM INSERTING into MARTIJUA.ANSWER
SET DEFINE OFF;
Insert into MARTIJUA.ANSWER (ANSWERID,QUESTIONID,ANSWER,CORRECT) values ('1','1','Answer 1','0');
Insert into MARTIJUA.ANSWER (ANSWERID,QUESTIONID,ANSWER,CORRECT) values ('2','1','Answer 2','0');
Insert into MARTIJUA.ANSWER (ANSWERID,QUESTIONID,ANSWER,CORRECT) values ('3','1','Answer 3','0');
Insert into MARTIJUA.ANSWER (ANSWERID,QUESTIONID,ANSWER,CORRECT) values ('4','1','Correct','1');
Insert into MARTIJUA.ANSWER (ANSWERID,QUESTIONID,ANSWER,CORRECT) values ('5','15','Answer 4','0');
Insert into MARTIJUA.ANSWER (ANSWERID,QUESTIONID,ANSWER,CORRECT) values ('6','2','Answer 1','0');
Insert into MARTIJUA.ANSWER (ANSWERID,QUESTIONID,ANSWER,CORRECT) values ('7','2','Answer 2','0');
Insert into MARTIJUA.ANSWER (ANSWERID,QUESTIONID,ANSWER,CORRECT) values ('8','2','Correct','1');
Insert into MARTIJUA.ANSWER (ANSWERID,QUESTIONID,ANSWER,CORRECT) values ('9','2','Answer 4','0');
Insert into MARTIJUA.ANSWER (ANSWERID,QUESTIONID,ANSWER,CORRECT) values ('10','3','Answer 1','0');
Insert into MARTIJUA.ANSWER (ANSWERID,QUESTIONID,ANSWER,CORRECT) values ('11','3','Correct','1');
Insert into MARTIJUA.ANSWER (ANSWERID,QUESTIONID,ANSWER,CORRECT) values ('12','3','Answer 3','0');
Insert into MARTIJUA.ANSWER (ANSWERID,QUESTIONID,ANSWER,CORRECT) values ('13','3','Answer 4','0');
Insert into MARTIJUA.ANSWER (ANSWERID,QUESTIONID,ANSWER,CORRECT) values ('14','4','Correct','1');
Insert into MARTIJUA.ANSWER (ANSWERID,QUESTIONID,ANSWER,CORRECT) values ('15','4','Answer 1','0');
Insert into MARTIJUA.ANSWER (ANSWERID,QUESTIONID,ANSWER,CORRECT) values ('16','4','Answer 3','0');
Insert into MARTIJUA.ANSWER (ANSWERID,QUESTIONID,ANSWER,CORRECT) values ('17','4','Answer 4','0');
Insert into MARTIJUA.ANSWER (ANSWERID,QUESTIONID,ANSWER,CORRECT) values ('18','5','Answer 1','0');
Insert into MARTIJUA.ANSWER (ANSWERID,QUESTIONID,ANSWER,CORRECT) values ('19','5','Answer 2','0');
Insert into MARTIJUA.ANSWER (ANSWERID,QUESTIONID,ANSWER,CORRECT) values ('20','5','Answer 3','0');
Insert into MARTIJUA.ANSWER (ANSWERID,QUESTIONID,ANSWER,CORRECT) values ('21','5','Correct','1');
Insert into MARTIJUA.ANSWER (ANSWERID,QUESTIONID,ANSWER,CORRECT) values ('22','6','Answer 1','0');
Insert into MARTIJUA.ANSWER (ANSWERID,QUESTIONID,ANSWER,CORRECT) values ('23','6','Answer 2','0');
Insert into MARTIJUA.ANSWER (ANSWERID,QUESTIONID,ANSWER,CORRECT) values ('24','6','Correct','1');
Insert into MARTIJUA.ANSWER (ANSWERID,QUESTIONID,ANSWER,CORRECT) values ('25','6','Answer 4','0');
Insert into MARTIJUA.ANSWER (ANSWERID,QUESTIONID,ANSWER,CORRECT) values ('26','7','Answer 1','0');
Insert into MARTIJUA.ANSWER (ANSWERID,QUESTIONID,ANSWER,CORRECT) values ('27','7','Correct','1');
Insert into MARTIJUA.ANSWER (ANSWERID,QUESTIONID,ANSWER,CORRECT) values ('28','7','Answer 3','0');
Insert into MARTIJUA.ANSWER (ANSWERID,QUESTIONID,ANSWER,CORRECT) values ('29','7','Answer 4','0');
Insert into MARTIJUA.ANSWER (ANSWERID,QUESTIONID,ANSWER,CORRECT) values ('30','8','Correct','1');
Insert into MARTIJUA.ANSWER (ANSWERID,QUESTIONID,ANSWER,CORRECT) values ('31','8','Answer 1','0');
Insert into MARTIJUA.ANSWER (ANSWERID,QUESTIONID,ANSWER,CORRECT) values ('32','8','Answer 3','0');
Insert into MARTIJUA.ANSWER (ANSWERID,QUESTIONID,ANSWER,CORRECT) values ('33','8','Answer 4','0');
Insert into MARTIJUA.ANSWER (ANSWERID,QUESTIONID,ANSWER,CORRECT) values ('34','9','Answer 1','0');
Insert into MARTIJUA.ANSWER (ANSWERID,QUESTIONID,ANSWER,CORRECT) values ('35','9','Answer 2','0');
Insert into MARTIJUA.ANSWER (ANSWERID,QUESTIONID,ANSWER,CORRECT) values ('36','9','Answer 3','0');
Insert into MARTIJUA.ANSWER (ANSWERID,QUESTIONID,ANSWER,CORRECT) values ('37','9','Correct','1');
Insert into MARTIJUA.ANSWER (ANSWERID,QUESTIONID,ANSWER,CORRECT) values ('38','10','Answer 1','0');
Insert into MARTIJUA.ANSWER (ANSWERID,QUESTIONID,ANSWER,CORRECT) values ('39','10','Answer 2','0');
Insert into MARTIJUA.ANSWER (ANSWERID,QUESTIONID,ANSWER,CORRECT) values ('40','10','Correct','1');
Insert into MARTIJUA.ANSWER (ANSWERID,QUESTIONID,ANSWER,CORRECT) values ('41','10','Answer 4','0');
Insert into MARTIJUA.ANSWER (ANSWERID,QUESTIONID,ANSWER,CORRECT) values ('42','11','Answer 1','0');
Insert into MARTIJUA.ANSWER (ANSWERID,QUESTIONID,ANSWER,CORRECT) values ('43','11','Correct','1');
Insert into MARTIJUA.ANSWER (ANSWERID,QUESTIONID,ANSWER,CORRECT) values ('44','11','Answer 3','0');
Insert into MARTIJUA.ANSWER (ANSWERID,QUESTIONID,ANSWER,CORRECT) values ('45','11','Answer 4','0');
Insert into MARTIJUA.ANSWER (ANSWERID,QUESTIONID,ANSWER,CORRECT) values ('46','12','Correct','1');
Insert into MARTIJUA.ANSWER (ANSWERID,QUESTIONID,ANSWER,CORRECT) values ('47','12','Answer 1','0');
Insert into MARTIJUA.ANSWER (ANSWERID,QUESTIONID,ANSWER,CORRECT) values ('48','12','Answer 3','0');
Insert into MARTIJUA.ANSWER (ANSWERID,QUESTIONID,ANSWER,CORRECT) values ('49','12','Answer 4','0');
Insert into MARTIJUA.ANSWER (ANSWERID,QUESTIONID,ANSWER,CORRECT) values ('50','13','Answer 1','0');
Insert into MARTIJUA.ANSWER (ANSWERID,QUESTIONID,ANSWER,CORRECT) values ('51','13','Answer 2','0');
Insert into MARTIJUA.ANSWER (ANSWERID,QUESTIONID,ANSWER,CORRECT) values ('52','13','Answer 3','0');
Insert into MARTIJUA.ANSWER (ANSWERID,QUESTIONID,ANSWER,CORRECT) values ('53','13','Correct','1');
Insert into MARTIJUA.ANSWER (ANSWERID,QUESTIONID,ANSWER,CORRECT) values ('54','14','Answer 1','0');
Insert into MARTIJUA.ANSWER (ANSWERID,QUESTIONID,ANSWER,CORRECT) values ('55','14','Answer 2','0');
Insert into MARTIJUA.ANSWER (ANSWERID,QUESTIONID,ANSWER,CORRECT) values ('56','14','Correct','1');
Insert into MARTIJUA.ANSWER (ANSWERID,QUESTIONID,ANSWER,CORRECT) values ('57','14','Answer 4','0');
Insert into MARTIJUA.ANSWER (ANSWERID,QUESTIONID,ANSWER,CORRECT) values ('58','15','Answer 1','0');
Insert into MARTIJUA.ANSWER (ANSWERID,QUESTIONID,ANSWER,CORRECT) values ('59','15','Correct','1');
Insert into MARTIJUA.ANSWER (ANSWERID,QUESTIONID,ANSWER,CORRECT) values ('60','15','Answer 3','0');
Insert into MARTIJUA.ANSWER (ANSWERID,QUESTIONID,ANSWER,CORRECT) values ('61','16','Correct','1');
Insert into MARTIJUA.ANSWER (ANSWERID,QUESTIONID,ANSWER,CORRECT) values ('62','16','Answer 1','0');
Insert into MARTIJUA.ANSWER (ANSWERID,QUESTIONID,ANSWER,CORRECT) values ('63','16','Answer 3','0');
Insert into MARTIJUA.ANSWER (ANSWERID,QUESTIONID,ANSWER,CORRECT) values ('64','16','Answer 4','0');
REM INSERTING into MARTIJUA.CATEGORY
SET DEFINE OFF;
Insert into MARTIJUA.CATEGORY (CATEGORYNAME) values ('Art et culture');
Insert into MARTIJUA.CATEGORY (CATEGORYNAME) values ('BD et cartoons');
Insert into MARTIJUA.CATEGORY (CATEGORYNAME) values ('Cinéma');
Insert into MARTIJUA.CATEGORY (CATEGORYNAME) values ('Consoles et Jeux-vidéo');
Insert into MARTIJUA.CATEGORY (CATEGORYNAME) values ('Corps et âme');
Insert into MARTIJUA.CATEGORY (CATEGORYNAME) values ('Croyance et superstition');
Insert into MARTIJUA.CATEGORY (CATEGORYNAME) values ('Dans le laboratoire');
Insert into MARTIJUA.CATEGORY (CATEGORYNAME) values ('Divertissement et média');
Insert into MARTIJUA.CATEGORY (CATEGORYNAME) values ('La Faune et la flore');
Insert into MARTIJUA.CATEGORY (CATEGORYNAME) values ('Le 21-ème siècle');
Insert into MARTIJUA.CATEGORY (CATEGORYNAME) values ('Les belles-lettres');
Insert into MARTIJUA.CATEGORY (CATEGORYNAME) values ('Musique et hits');
Insert into MARTIJUA.CATEGORY (CATEGORYNAME) values ('Sport');
Insert into MARTIJUA.CATEGORY (CATEGORYNAME) values ('Séries TV');
Insert into MARTIJUA.CATEGORY (CATEGORYNAME) values ('Technologie');
REM INSERTING into MARTIJUA.DUEL
SET DEFINE OFF;
Insert into MARTIJUA.DUEL (DUELID,STATUS,SCOREPLAYER1,SCOREPLAYER2,TURN) values ('1','WAITING','1','0',null);
REM INSERTING into MARTIJUA.PLAYER
SET DEFINE OFF;
Insert into MARTIJUA.PLAYER (USERNAME,PASSWORD,STATE,SCORE) values ('user34','pqss34','UNAVAILABLE','0');
Insert into MARTIJUA.PLAYER (USERNAME,PASSWORD,STATE,SCORE) values ('Jmmr','1234','UNAVAILABLE','0');
Insert into MARTIJUA.PLAYER (USERNAME,PASSWORD,STATE,SCORE) values ('sergio','sergio','UNAVAILABLE','9999');
Insert into MARTIJUA.PLAYER (USERNAME,PASSWORD,STATE,SCORE) values ('user19','pass19','UNAVAILABLE','0');
Insert into MARTIJUA.PLAYER (USERNAME,PASSWORD,STATE,SCORE) values ('earojasc','pass','AVAILABLE','0');
Insert into MARTIJUA.PLAYER (USERNAME,PASSWORD,STATE,SCORE) values ('Jmmr1','Jmmr1','UNAVAILABLE','0');
Insert into MARTIJUA.PLAYER (USERNAME,PASSWORD,STATE,SCORE) values ('Earojas','1234','UNAVAILABLE','0');
Insert into MARTIJUA.PLAYER (USERNAME,PASSWORD,STATE,SCORE) values ('user20','pass20','UNAVAILABLE','0');
Insert into MARTIJUA.PLAYER (USERNAME,PASSWORD,STATE,SCORE) values ('User21','Pass21','UNAVAILABLE','0');
REM INSERTING into MARTIJUA.PLAYERANSWER
SET DEFINE OFF;
Insert into MARTIJUA.PLAYERANSWER (USERNAME,ANSWERID) values ('sergio','2');
Insert into MARTIJUA.PLAYERANSWER (USERNAME,ANSWERID) values ('sergio','4');
Insert into MARTIJUA.PLAYERANSWER (USERNAME,ANSWERID) values ('sergio','5');
REM INSERTING into MARTIJUA.PLAYERDUEL
SET DEFINE OFF;
Insert into MARTIJUA.PLAYERDUEL (USERNAME,DUELID) values ('sergio','1');
REM INSERTING into MARTIJUA.QUESTION
SET DEFINE OFF;
Insert into MARTIJUA.QUESTION (QUESTIONID,CATEGORYNAME,QUESTION) values ('1','Art et culture','Question 1 Art et culture');
Insert into MARTIJUA.QUESTION (QUESTIONID,CATEGORYNAME,QUESTION) values ('2','Art et culture','Question 2 Art et culture');
Insert into MARTIJUA.QUESTION (QUESTIONID,CATEGORYNAME,QUESTION) values ('3','Art et culture','Question 3 Art et culture');
Insert into MARTIJUA.QUESTION (QUESTIONID,CATEGORYNAME,QUESTION) values ('4','Art et culture','Question 4 Art et culture');
Insert into MARTIJUA.QUESTION (QUESTIONID,CATEGORYNAME,QUESTION) values ('5','BD et cartoons','Question 1 BD et cartoons');
Insert into MARTIJUA.QUESTION (QUESTIONID,CATEGORYNAME,QUESTION) values ('6','BD et cartoons','Question 2 BD et cartoons');
Insert into MARTIJUA.QUESTION (QUESTIONID,CATEGORYNAME,QUESTION) values ('7','BD et cartoons','Question 3 BD et cartoons');
Insert into MARTIJUA.QUESTION (QUESTIONID,CATEGORYNAME,QUESTION) values ('8','BD et cartoons','Question 4 BD et cartoons');
Insert into MARTIJUA.QUESTION (QUESTIONID,CATEGORYNAME,QUESTION) values ('9','Cinéma','Question 1 Cinéma');
Insert into MARTIJUA.QUESTION (QUESTIONID,CATEGORYNAME,QUESTION) values ('10','Cinéma','Question 2 Cinéma');
Insert into MARTIJUA.QUESTION (QUESTIONID,CATEGORYNAME,QUESTION) values ('11','Cinéma','Question 3 Cinéma');
Insert into MARTIJUA.QUESTION (QUESTIONID,CATEGORYNAME,QUESTION) values ('12','Cinéma','Question 4 Cinéma');
Insert into MARTIJUA.QUESTION (QUESTIONID,CATEGORYNAME,QUESTION) values ('13','Consoles et Jeux-vidéo','Question 1 Consoles et Jeux-vidéo');
Insert into MARTIJUA.QUESTION (QUESTIONID,CATEGORYNAME,QUESTION) values ('14','Consoles et Jeux-vidéo','Question 2 Consoles et Jeux-vidéo');
Insert into MARTIJUA.QUESTION (QUESTIONID,CATEGORYNAME,QUESTION) values ('15','Consoles et Jeux-vidéo','Question 3 Consoles et Jeux-vidéo');
Insert into MARTIJUA.QUESTION (QUESTIONID,CATEGORYNAME,QUESTION) values ('16','Consoles et Jeux-vidéo','Question 4 Consoles et Jeux-vidéo');
REM INSERTING into MARTIJUA.ROUND
SET DEFINE OFF;
Insert into MARTIJUA.ROUND (DUELID,ROUNDID,CATEGORYNAME) values ('1','1','Art et culture');
REM INSERTING into MARTIJUA.ROUNDQUESTION
SET DEFINE OFF;
Insert into MARTIJUA.ROUNDQUESTION (DUELID,ROUNDID,QUESTIONID) values ('1','1','2');
Insert into MARTIJUA.ROUNDQUESTION (DUELID,ROUNDID,QUESTIONID) values ('1','1','3');
Insert into MARTIJUA.ROUNDQUESTION (DUELID,ROUNDID,QUESTIONID) values ('1','1','4');
--------------------------------------------------------
--  DDL for Index PK_ANSWER
--------------------------------------------------------

  CREATE UNIQUE INDEX "MARTIJUA"."PK_ANSWER" ON "MARTIJUA"."ANSWER" ("ANSWERID") 
  PCTFREE 10 INITRANS 2 MAXTRANS 255 COMPUTE STATISTICS 
  STORAGE(INITIAL 65536 NEXT 1048576 MINEXTENTS 1 MAXEXTENTS 2147483645
  PCTINCREASE 0 FREELISTS 1 FREELIST GROUPS 1
  BUFFER_POOL DEFAULT FLASH_CACHE DEFAULT CELL_FLASH_CACHE DEFAULT)
  TABLESPACE "USERS" ;
--------------------------------------------------------
--  DDL for Index HASANSWER_FK
--------------------------------------------------------

  CREATE INDEX "MARTIJUA"."HASANSWER_FK" ON "MARTIJUA"."ANSWER" ("QUESTIONID") 
  PCTFREE 10 INITRANS 2 MAXTRANS 255 COMPUTE STATISTICS 
  STORAGE(INITIAL 65536 NEXT 1048576 MINEXTENTS 1 MAXEXTENTS 2147483645
  PCTINCREASE 0 FREELISTS 1 FREELIST GROUPS 1
  BUFFER_POOL DEFAULT FLASH_CACHE DEFAULT CELL_FLASH_CACHE DEFAULT)
  TABLESPACE "USERS" ;
--------------------------------------------------------
--  DDL for Index PK_CATEGORY
--------------------------------------------------------

  CREATE UNIQUE INDEX "MARTIJUA"."PK_CATEGORY" ON "MARTIJUA"."CATEGORY" ("CATEGORYNAME") 
  PCTFREE 10 INITRANS 2 MAXTRANS 255 COMPUTE STATISTICS 
  STORAGE(INITIAL 65536 NEXT 1048576 MINEXTENTS 1 MAXEXTENTS 2147483645
  PCTINCREASE 0 FREELISTS 1 FREELIST GROUPS 1
  BUFFER_POOL DEFAULT FLASH_CACHE DEFAULT CELL_FLASH_CACHE DEFAULT)
  TABLESPACE "USERS" ;
--------------------------------------------------------
--  DDL for Index HASTURN_FK
--------------------------------------------------------

  CREATE INDEX "MARTIJUA"."HASTURN_FK" ON "MARTIJUA"."DUEL" ("TURN") 
  PCTFREE 10 INITRANS 2 MAXTRANS 255 COMPUTE STATISTICS 
  STORAGE(INITIAL 65536 NEXT 1048576 MINEXTENTS 1 MAXEXTENTS 2147483645
  PCTINCREASE 0 FREELISTS 1 FREELIST GROUPS 1
  BUFFER_POOL DEFAULT FLASH_CACHE DEFAULT CELL_FLASH_CACHE DEFAULT)
  TABLESPACE "USERS" ;
--------------------------------------------------------
--  DDL for Index PK_DUEL
--------------------------------------------------------

  CREATE UNIQUE INDEX "MARTIJUA"."PK_DUEL" ON "MARTIJUA"."DUEL" ("DUELID") 
  PCTFREE 10 INITRANS 2 MAXTRANS 255 COMPUTE STATISTICS 
  STORAGE(INITIAL 65536 NEXT 1048576 MINEXTENTS 1 MAXEXTENTS 2147483645
  PCTINCREASE 0 FREELISTS 1 FREELIST GROUPS 1
  BUFFER_POOL DEFAULT FLASH_CACHE DEFAULT CELL_FLASH_CACHE DEFAULT)
  TABLESPACE "USERS" ;
--------------------------------------------------------
--  DDL for Index PK_PLAYER
--------------------------------------------------------

  CREATE UNIQUE INDEX "MARTIJUA"."PK_PLAYER" ON "MARTIJUA"."PLAYER" ("USERNAME") 
  PCTFREE 10 INITRANS 2 MAXTRANS 255 COMPUTE STATISTICS 
  STORAGE(INITIAL 65536 NEXT 1048576 MINEXTENTS 1 MAXEXTENTS 2147483645
  PCTINCREASE 0 FREELISTS 1 FREELIST GROUPS 1
  BUFFER_POOL DEFAULT FLASH_CACHE DEFAULT CELL_FLASH_CACHE DEFAULT)
  TABLESPACE "USERS" ;
--------------------------------------------------------
--  DDL for Index PK_PLAYERANSWER
--------------------------------------------------------

  CREATE UNIQUE INDEX "MARTIJUA"."PK_PLAYERANSWER" ON "MARTIJUA"."PLAYERANSWER" ("USERNAME", "ANSWERID") 
  PCTFREE 10 INITRANS 2 MAXTRANS 255 COMPUTE STATISTICS 
  STORAGE(INITIAL 65536 NEXT 1048576 MINEXTENTS 1 MAXEXTENTS 2147483645
  PCTINCREASE 0 FREELISTS 1 FREELIST GROUPS 1
  BUFFER_POOL DEFAULT FLASH_CACHE DEFAULT CELL_FLASH_CACHE DEFAULT)
  TABLESPACE "USERS" ;
--------------------------------------------------------
--  DDL for Index RELATIONSHIP_7_FK
--------------------------------------------------------

  CREATE INDEX "MARTIJUA"."RELATIONSHIP_7_FK" ON "MARTIJUA"."PLAYERANSWER" ("USERNAME") 
  PCTFREE 10 INITRANS 2 MAXTRANS 255 COMPUTE STATISTICS 
  STORAGE(INITIAL 65536 NEXT 1048576 MINEXTENTS 1 MAXEXTENTS 2147483645
  PCTINCREASE 0 FREELISTS 1 FREELIST GROUPS 1
  BUFFER_POOL DEFAULT FLASH_CACHE DEFAULT CELL_FLASH_CACHE DEFAULT)
  TABLESPACE "USERS" ;
--------------------------------------------------------
--  DDL for Index RELATIONSHIP_8_FK
--------------------------------------------------------

  CREATE INDEX "MARTIJUA"."RELATIONSHIP_8_FK" ON "MARTIJUA"."PLAYERANSWER" ("ANSWERID") 
  PCTFREE 10 INITRANS 2 MAXTRANS 255 COMPUTE STATISTICS 
  STORAGE(INITIAL 65536 NEXT 1048576 MINEXTENTS 1 MAXEXTENTS 2147483645
  PCTINCREASE 0 FREELISTS 1 FREELIST GROUPS 1
  BUFFER_POOL DEFAULT FLASH_CACHE DEFAULT CELL_FLASH_CACHE DEFAULT)
  TABLESPACE "USERS" ;
--------------------------------------------------------
--  DDL for Index PK_PLAYERDUEL
--------------------------------------------------------

  CREATE UNIQUE INDEX "MARTIJUA"."PK_PLAYERDUEL" ON "MARTIJUA"."PLAYERDUEL" ("USERNAME", "DUELID") 
  PCTFREE 10 INITRANS 2 MAXTRANS 255 COMPUTE STATISTICS 
  STORAGE(INITIAL 65536 NEXT 1048576 MINEXTENTS 1 MAXEXTENTS 2147483645
  PCTINCREASE 0 FREELISTS 1 FREELIST GROUPS 1
  BUFFER_POOL DEFAULT FLASH_CACHE DEFAULT CELL_FLASH_CACHE DEFAULT)
  TABLESPACE "USERS" ;
--------------------------------------------------------
--  DDL for Index HAS_FK
--------------------------------------------------------

  CREATE INDEX "MARTIJUA"."HAS_FK" ON "MARTIJUA"."PLAYERDUEL" ("USERNAME") 
  PCTFREE 10 INITRANS 2 MAXTRANS 255 COMPUTE STATISTICS 
  STORAGE(INITIAL 65536 NEXT 1048576 MINEXTENTS 1 MAXEXTENTS 2147483645
  PCTINCREASE 0 FREELISTS 1 FREELIST GROUPS 1
  BUFFER_POOL DEFAULT FLASH_CACHE DEFAULT CELL_FLASH_CACHE DEFAULT)
  TABLESPACE "USERS" ;
--------------------------------------------------------
--  DDL for Index HAS2_FK
--------------------------------------------------------

  CREATE INDEX "MARTIJUA"."HAS2_FK" ON "MARTIJUA"."PLAYERDUEL" ("DUELID") 
  PCTFREE 10 INITRANS 2 MAXTRANS 255 COMPUTE STATISTICS 
  STORAGE(INITIAL 65536 NEXT 1048576 MINEXTENTS 1 MAXEXTENTS 2147483645
  PCTINCREASE 0 FREELISTS 1 FREELIST GROUPS 1
  BUFFER_POOL DEFAULT FLASH_CACHE DEFAULT CELL_FLASH_CACHE DEFAULT)
  TABLESPACE "USERS" ;
--------------------------------------------------------
--  DDL for Index PK_QUESTION
--------------------------------------------------------

  CREATE UNIQUE INDEX "MARTIJUA"."PK_QUESTION" ON "MARTIJUA"."QUESTION" ("QUESTIONID") 
  PCTFREE 10 INITRANS 2 MAXTRANS 255 COMPUTE STATISTICS 
  STORAGE(INITIAL 65536 NEXT 1048576 MINEXTENTS 1 MAXEXTENTS 2147483645
  PCTINCREASE 0 FREELISTS 1 FREELIST GROUPS 1
  BUFFER_POOL DEFAULT FLASH_CACHE DEFAULT CELL_FLASH_CACHE DEFAULT)
  TABLESPACE "USERS" ;
--------------------------------------------------------
--  DDL for Index BELONGSTO_FK
--------------------------------------------------------

  CREATE INDEX "MARTIJUA"."BELONGSTO_FK" ON "MARTIJUA"."QUESTION" ("CATEGORYNAME") 
  PCTFREE 10 INITRANS 2 MAXTRANS 255 COMPUTE STATISTICS 
  STORAGE(INITIAL 65536 NEXT 1048576 MINEXTENTS 1 MAXEXTENTS 2147483645
  PCTINCREASE 0 FREELISTS 1 FREELIST GROUPS 1
  BUFFER_POOL DEFAULT FLASH_CACHE DEFAULT CELL_FLASH_CACHE DEFAULT)
  TABLESPACE "USERS" ;
--------------------------------------------------------
--  DDL for Index PK_ROUND
--------------------------------------------------------

  CREATE UNIQUE INDEX "MARTIJUA"."PK_ROUND" ON "MARTIJUA"."ROUND" ("DUELID", "ROUNDID") 
  PCTFREE 10 INITRANS 2 MAXTRANS 255 COMPUTE STATISTICS 
  STORAGE(INITIAL 65536 NEXT 1048576 MINEXTENTS 1 MAXEXTENTS 2147483645
  PCTINCREASE 0 FREELISTS 1 FREELIST GROUPS 1
  BUFFER_POOL DEFAULT FLASH_CACHE DEFAULT CELL_FLASH_CACHE DEFAULT)
  TABLESPACE "USERS" ;
--------------------------------------------------------
--  DDL for Index COMPOSEDBY_FK
--------------------------------------------------------

  CREATE INDEX "MARTIJUA"."COMPOSEDBY_FK" ON "MARTIJUA"."ROUND" ("DUELID") 
  PCTFREE 10 INITRANS 2 MAXTRANS 255 COMPUTE STATISTICS 
  STORAGE(INITIAL 65536 NEXT 1048576 MINEXTENTS 1 MAXEXTENTS 2147483645
  PCTINCREASE 0 FREELISTS 1 FREELIST GROUPS 1
  BUFFER_POOL DEFAULT FLASH_CACHE DEFAULT CELL_FLASH_CACHE DEFAULT)
  TABLESPACE "USERS" ;
--------------------------------------------------------
--  DDL for Index HASCATEGORY_FK
--------------------------------------------------------

  CREATE INDEX "MARTIJUA"."HASCATEGORY_FK" ON "MARTIJUA"."ROUND" ("CATEGORYNAME") 
  PCTFREE 10 INITRANS 2 MAXTRANS 255 COMPUTE STATISTICS 
  STORAGE(INITIAL 65536 NEXT 1048576 MINEXTENTS 1 MAXEXTENTS 2147483645
  PCTINCREASE 0 FREELISTS 1 FREELIST GROUPS 1
  BUFFER_POOL DEFAULT FLASH_CACHE DEFAULT CELL_FLASH_CACHE DEFAULT)
  TABLESPACE "USERS" ;
--------------------------------------------------------
--  DDL for Index PK_ROUNDQUESTION
--------------------------------------------------------

  CREATE UNIQUE INDEX "MARTIJUA"."PK_ROUNDQUESTION" ON "MARTIJUA"."ROUNDQUESTION" ("DUELID", "ROUNDID", "QUESTIONID") 
  PCTFREE 10 INITRANS 2 MAXTRANS 255 COMPUTE STATISTICS 
  STORAGE(INITIAL 65536 NEXT 1048576 MINEXTENTS 1 MAXEXTENTS 2147483645
  PCTINCREASE 0 FREELISTS 1 FREELIST GROUPS 1
  BUFFER_POOL DEFAULT FLASH_CACHE DEFAULT CELL_FLASH_CACHE DEFAULT)
  TABLESPACE "USERS" ;
--------------------------------------------------------
--  DDL for Index USES_FK
--------------------------------------------------------

  CREATE INDEX "MARTIJUA"."USES_FK" ON "MARTIJUA"."ROUNDQUESTION" ("DUELID", "ROUNDID") 
  PCTFREE 10 INITRANS 2 MAXTRANS 255 COMPUTE STATISTICS 
  STORAGE(INITIAL 65536 NEXT 1048576 MINEXTENTS 1 MAXEXTENTS 2147483645
  PCTINCREASE 0 FREELISTS 1 FREELIST GROUPS 1
  BUFFER_POOL DEFAULT FLASH_CACHE DEFAULT CELL_FLASH_CACHE DEFAULT)
  TABLESPACE "USERS" ;
--------------------------------------------------------
--  DDL for Index USES2_FK
--------------------------------------------------------

  CREATE INDEX "MARTIJUA"."USES2_FK" ON "MARTIJUA"."ROUNDQUESTION" ("QUESTIONID") 
  PCTFREE 10 INITRANS 2 MAXTRANS 255 COMPUTE STATISTICS 
  STORAGE(INITIAL 65536 NEXT 1048576 MINEXTENTS 1 MAXEXTENTS 2147483645
  PCTINCREASE 0 FREELISTS 1 FREELIST GROUPS 1
  BUFFER_POOL DEFAULT FLASH_CACHE DEFAULT CELL_FLASH_CACHE DEFAULT)
  TABLESPACE "USERS" ;
--------------------------------------------------------
--  Constraints for Table ANSWER
--------------------------------------------------------

  ALTER TABLE "MARTIJUA"."ANSWER" MODIFY ("CORRECT" NOT NULL ENABLE);
  ALTER TABLE "MARTIJUA"."ANSWER" MODIFY ("ANSWER" NOT NULL ENABLE);
  ALTER TABLE "MARTIJUA"."ANSWER" MODIFY ("QUESTIONID" NOT NULL ENABLE);
  ALTER TABLE "MARTIJUA"."ANSWER" MODIFY ("ANSWERID" NOT NULL ENABLE);
  ALTER TABLE "MARTIJUA"."ANSWER" ADD CONSTRAINT "PK_ANSWER" PRIMARY KEY ("ANSWERID")
  USING INDEX PCTFREE 10 INITRANS 2 MAXTRANS 255 COMPUTE STATISTICS 
  STORAGE(INITIAL 65536 NEXT 1048576 MINEXTENTS 1 MAXEXTENTS 2147483645
  PCTINCREASE 0 FREELISTS 1 FREELIST GROUPS 1
  BUFFER_POOL DEFAULT FLASH_CACHE DEFAULT CELL_FLASH_CACHE DEFAULT)
  TABLESPACE "USERS"  ENABLE;
--------------------------------------------------------
--  Constraints for Table CATEGORY
--------------------------------------------------------

  ALTER TABLE "MARTIJUA"."CATEGORY" MODIFY ("CATEGORYNAME" NOT NULL ENABLE);
  ALTER TABLE "MARTIJUA"."CATEGORY" ADD CONSTRAINT "PK_CATEGORY" PRIMARY KEY ("CATEGORYNAME")
  USING INDEX PCTFREE 10 INITRANS 2 MAXTRANS 255 COMPUTE STATISTICS 
  STORAGE(INITIAL 65536 NEXT 1048576 MINEXTENTS 1 MAXEXTENTS 2147483645
  PCTINCREASE 0 FREELISTS 1 FREELIST GROUPS 1
  BUFFER_POOL DEFAULT FLASH_CACHE DEFAULT CELL_FLASH_CACHE DEFAULT)
  TABLESPACE "USERS"  ENABLE;
--------------------------------------------------------
--  Constraints for Table DUEL
--------------------------------------------------------

  ALTER TABLE "MARTIJUA"."DUEL" MODIFY ("SCOREPLAYER1" NOT NULL ENABLE);
  ALTER TABLE "MARTIJUA"."DUEL" MODIFY ("STATUS" NOT NULL ENABLE);
  ALTER TABLE "MARTIJUA"."DUEL" MODIFY ("DUELID" NOT NULL ENABLE);
  ALTER TABLE "MARTIJUA"."DUEL" ADD CONSTRAINT "PK_DUEL" PRIMARY KEY ("DUELID")
  USING INDEX PCTFREE 10 INITRANS 2 MAXTRANS 255 COMPUTE STATISTICS 
  STORAGE(INITIAL 65536 NEXT 1048576 MINEXTENTS 1 MAXEXTENTS 2147483645
  PCTINCREASE 0 FREELISTS 1 FREELIST GROUPS 1
  BUFFER_POOL DEFAULT FLASH_CACHE DEFAULT CELL_FLASH_CACHE DEFAULT)
  TABLESPACE "USERS"  ENABLE;
--------------------------------------------------------
--  Constraints for Table PLAYER
--------------------------------------------------------

  ALTER TABLE "MARTIJUA"."PLAYER" MODIFY ("SCORE" NOT NULL ENABLE);
  ALTER TABLE "MARTIJUA"."PLAYER" MODIFY ("STATE" NOT NULL ENABLE);
  ALTER TABLE "MARTIJUA"."PLAYER" MODIFY ("PASSWORD" NOT NULL ENABLE);
  ALTER TABLE "MARTIJUA"."PLAYER" MODIFY ("USERNAME" NOT NULL ENABLE);
  ALTER TABLE "MARTIJUA"."PLAYER" ADD CONSTRAINT "PK_PLAYER" PRIMARY KEY ("USERNAME")
  USING INDEX PCTFREE 10 INITRANS 2 MAXTRANS 255 COMPUTE STATISTICS 
  STORAGE(INITIAL 65536 NEXT 1048576 MINEXTENTS 1 MAXEXTENTS 2147483645
  PCTINCREASE 0 FREELISTS 1 FREELIST GROUPS 1
  BUFFER_POOL DEFAULT FLASH_CACHE DEFAULT CELL_FLASH_CACHE DEFAULT)
  TABLESPACE "USERS"  ENABLE;
--------------------------------------------------------
--  Constraints for Table PLAYERANSWER
--------------------------------------------------------

  ALTER TABLE "MARTIJUA"."PLAYERANSWER" MODIFY ("ANSWERID" NOT NULL ENABLE);
  ALTER TABLE "MARTIJUA"."PLAYERANSWER" MODIFY ("USERNAME" NOT NULL ENABLE);
  ALTER TABLE "MARTIJUA"."PLAYERANSWER" ADD CONSTRAINT "PK_PLAYERANSWER" PRIMARY KEY ("USERNAME", "ANSWERID")
  USING INDEX PCTFREE 10 INITRANS 2 MAXTRANS 255 COMPUTE STATISTICS 
  STORAGE(INITIAL 65536 NEXT 1048576 MINEXTENTS 1 MAXEXTENTS 2147483645
  PCTINCREASE 0 FREELISTS 1 FREELIST GROUPS 1
  BUFFER_POOL DEFAULT FLASH_CACHE DEFAULT CELL_FLASH_CACHE DEFAULT)
  TABLESPACE "USERS"  ENABLE;
--------------------------------------------------------
--  Constraints for Table PLAYERDUEL
--------------------------------------------------------

  ALTER TABLE "MARTIJUA"."PLAYERDUEL" MODIFY ("DUELID" NOT NULL ENABLE);
  ALTER TABLE "MARTIJUA"."PLAYERDUEL" MODIFY ("USERNAME" NOT NULL ENABLE);
  ALTER TABLE "MARTIJUA"."PLAYERDUEL" ADD CONSTRAINT "PK_PLAYERDUEL" PRIMARY KEY ("USERNAME", "DUELID")
  USING INDEX PCTFREE 10 INITRANS 2 MAXTRANS 255 COMPUTE STATISTICS 
  STORAGE(INITIAL 65536 NEXT 1048576 MINEXTENTS 1 MAXEXTENTS 2147483645
  PCTINCREASE 0 FREELISTS 1 FREELIST GROUPS 1
  BUFFER_POOL DEFAULT FLASH_CACHE DEFAULT CELL_FLASH_CACHE DEFAULT)
  TABLESPACE "USERS"  ENABLE;
--------------------------------------------------------
--  Constraints for Table QUESTION
--------------------------------------------------------

  ALTER TABLE "MARTIJUA"."QUESTION" MODIFY ("QUESTION" NOT NULL ENABLE);
  ALTER TABLE "MARTIJUA"."QUESTION" MODIFY ("CATEGORYNAME" NOT NULL ENABLE);
  ALTER TABLE "MARTIJUA"."QUESTION" MODIFY ("QUESTIONID" NOT NULL ENABLE);
  ALTER TABLE "MARTIJUA"."QUESTION" ADD CONSTRAINT "PK_QUESTION" PRIMARY KEY ("QUESTIONID")
  USING INDEX PCTFREE 10 INITRANS 2 MAXTRANS 255 COMPUTE STATISTICS 
  STORAGE(INITIAL 65536 NEXT 1048576 MINEXTENTS 1 MAXEXTENTS 2147483645
  PCTINCREASE 0 FREELISTS 1 FREELIST GROUPS 1
  BUFFER_POOL DEFAULT FLASH_CACHE DEFAULT CELL_FLASH_CACHE DEFAULT)
  TABLESPACE "USERS"  ENABLE;
--------------------------------------------------------
--  Constraints for Table ROUND
--------------------------------------------------------

  ALTER TABLE "MARTIJUA"."ROUND" MODIFY ("CATEGORYNAME" NOT NULL ENABLE);
  ALTER TABLE "MARTIJUA"."ROUND" MODIFY ("ROUNDID" NOT NULL ENABLE);
  ALTER TABLE "MARTIJUA"."ROUND" MODIFY ("DUELID" NOT NULL ENABLE);
  ALTER TABLE "MARTIJUA"."ROUND" ADD CONSTRAINT "PK_ROUND" PRIMARY KEY ("DUELID", "ROUNDID")
  USING INDEX PCTFREE 10 INITRANS 2 MAXTRANS 255 COMPUTE STATISTICS 
  STORAGE(INITIAL 65536 NEXT 1048576 MINEXTENTS 1 MAXEXTENTS 2147483645
  PCTINCREASE 0 FREELISTS 1 FREELIST GROUPS 1
  BUFFER_POOL DEFAULT FLASH_CACHE DEFAULT CELL_FLASH_CACHE DEFAULT)
  TABLESPACE "USERS"  ENABLE;
--------------------------------------------------------
--  Constraints for Table ROUNDQUESTION
--------------------------------------------------------

  ALTER TABLE "MARTIJUA"."ROUNDQUESTION" MODIFY ("QUESTIONID" NOT NULL ENABLE);
  ALTER TABLE "MARTIJUA"."ROUNDQUESTION" MODIFY ("ROUNDID" NOT NULL ENABLE);
  ALTER TABLE "MARTIJUA"."ROUNDQUESTION" MODIFY ("DUELID" NOT NULL ENABLE);
  ALTER TABLE "MARTIJUA"."ROUNDQUESTION" ADD CONSTRAINT "PK_ROUNDQUESTION" PRIMARY KEY ("DUELID", "ROUNDID", "QUESTIONID")
  USING INDEX PCTFREE 10 INITRANS 2 MAXTRANS 255 COMPUTE STATISTICS 
  STORAGE(INITIAL 65536 NEXT 1048576 MINEXTENTS 1 MAXEXTENTS 2147483645
  PCTINCREASE 0 FREELISTS 1 FREELIST GROUPS 1
  BUFFER_POOL DEFAULT FLASH_CACHE DEFAULT CELL_FLASH_CACHE DEFAULT)
  TABLESPACE "USERS"  ENABLE;
--------------------------------------------------------
--  Ref Constraints for Table ANSWER
--------------------------------------------------------

  ALTER TABLE "MARTIJUA"."ANSWER" ADD CONSTRAINT "FK_ANSWER_HASANSWER_QUESTION" FOREIGN KEY ("QUESTIONID")
	  REFERENCES "MARTIJUA"."QUESTION" ("QUESTIONID") ENABLE;
--------------------------------------------------------
--  Ref Constraints for Table DUEL
--------------------------------------------------------

  ALTER TABLE "MARTIJUA"."DUEL" ADD CONSTRAINT "FK_PLAYER_HASTURN_DUEL" FOREIGN KEY ("TURN")
	  REFERENCES "MARTIJUA"."PLAYER" ("USERNAME") ENABLE;
--------------------------------------------------------
--  Ref Constraints for Table PLAYERANSWER
--------------------------------------------------------

  ALTER TABLE "MARTIJUA"."PLAYERANSWER" ADD CONSTRAINT "FK_PLAYERAN_RELATIONS_ANSWER" FOREIGN KEY ("ANSWERID")
	  REFERENCES "MARTIJUA"."ANSWER" ("ANSWERID") ENABLE;
  ALTER TABLE "MARTIJUA"."PLAYERANSWER" ADD CONSTRAINT "FK_PLAYERAN_RELATIONS_PLAYER" FOREIGN KEY ("USERNAME")
	  REFERENCES "MARTIJUA"."PLAYER" ("USERNAME") ENABLE;
--------------------------------------------------------
--  Ref Constraints for Table PLAYERDUEL
--------------------------------------------------------

  ALTER TABLE "MARTIJUA"."PLAYERDUEL" ADD CONSTRAINT "FK_PLAYERDU_HAS2_DUEL" FOREIGN KEY ("DUELID")
	  REFERENCES "MARTIJUA"."DUEL" ("DUELID") ENABLE;
  ALTER TABLE "MARTIJUA"."PLAYERDUEL" ADD CONSTRAINT "FK_PLAYERDU_HAS_PLAYER" FOREIGN KEY ("USERNAME")
	  REFERENCES "MARTIJUA"."PLAYER" ("USERNAME") ENABLE;
--------------------------------------------------------
--  Ref Constraints for Table QUESTION
--------------------------------------------------------

  ALTER TABLE "MARTIJUA"."QUESTION" ADD CONSTRAINT "FK_QUESTION_BELONGSTO_CATEGORY" FOREIGN KEY ("CATEGORYNAME")
	  REFERENCES "MARTIJUA"."CATEGORY" ("CATEGORYNAME") ENABLE;
--------------------------------------------------------
--  Ref Constraints for Table ROUND
--------------------------------------------------------

  ALTER TABLE "MARTIJUA"."ROUND" ADD CONSTRAINT "FK_ROUND_COMPOSEDB_DUEL" FOREIGN KEY ("DUELID")
	  REFERENCES "MARTIJUA"."DUEL" ("DUELID") ENABLE;
  ALTER TABLE "MARTIJUA"."ROUND" ADD CONSTRAINT "FK_ROUND_HASCATEGO_CATEGORY" FOREIGN KEY ("CATEGORYNAME")
	  REFERENCES "MARTIJUA"."CATEGORY" ("CATEGORYNAME") ENABLE;
--------------------------------------------------------
--  Ref Constraints for Table ROUNDQUESTION
--------------------------------------------------------

  ALTER TABLE "MARTIJUA"."ROUNDQUESTION" ADD CONSTRAINT "FK_ROUNDQUE_USES2_QUESTION" FOREIGN KEY ("QUESTIONID")
	  REFERENCES "MARTIJUA"."QUESTION" ("QUESTIONID") ENABLE;
  ALTER TABLE "MARTIJUA"."ROUNDQUESTION" ADD CONSTRAINT "FK_ROUNDQUE_USES_ROUND" FOREIGN KEY ("DUELID", "ROUNDID")
	  REFERENCES "MARTIJUA"."ROUND" ("DUELID", "ROUNDID") ENABLE;
