Insert into CATEGORY (CATEGORYNAME) values ('Art et culture');
Insert into CATEGORY (CATEGORYNAME) values ('BD et cartoons');
Insert into CATEGORY (CATEGORYNAME) values ('Cinéma');
Insert into CATEGORY (CATEGORYNAME) values ('Consoles et Jeux-vidéo');
Insert into CATEGORY (CATEGORYNAME) values ('Corps et âme');
Insert into CATEGORY (CATEGORYNAME) values ('Croyance et superstition');
Insert into CATEGORY (CATEGORYNAME) values ('Dans le laboratoire');
Insert into CATEGORY (CATEGORYNAME) values ('Divertissement et média');
Insert into CATEGORY (CATEGORYNAME) values ('La Faune et la flore');
Insert into CATEGORY (CATEGORYNAME) values ('Le 21-ème siècle');
Insert into CATEGORY (CATEGORYNAME) values ('Les belles-lettres');
Insert into CATEGORY (CATEGORYNAME) values ('Musique et hits');
Insert into CATEGORY (CATEGORYNAME) values ('Sport');
Insert into CATEGORY (CATEGORYNAME) values ('Séries TV');
Insert into CATEGORY (CATEGORYNAME) values ('Technologie');

Insert into QUESTION (QUESTIONID,CATEGORYNAME,QUESTION) values ('1','Art et culture','Question 1 Art et culture');
Insert into QUESTION (QUESTIONID,CATEGORYNAME,QUESTION) values ('2','Art et culture','Question 2 Art et culture');
Insert into QUESTION (QUESTIONID,CATEGORYNAME,QUESTION) values ('3','Art et culture','Question 3 Art et culture');
Insert into QUESTION (QUESTIONID,CATEGORYNAME,QUESTION) values ('4','Art et culture','Question 4 Art et culture');
Insert into QUESTION (QUESTIONID,CATEGORYNAME,QUESTION) values ('5','BD et cartoons','Question 1 BD et cartoons');
Insert into QUESTION (QUESTIONID,CATEGORYNAME,QUESTION) values ('6','BD et cartoons','Question 2 BD et cartoons');
Insert into QUESTION (QUESTIONID,CATEGORYNAME,QUESTION) values ('7','BD et cartoons','Question 3 BD et cartoons');
Insert into QUESTION (QUESTIONID,CATEGORYNAME,QUESTION) values ('8','BD et cartoons','Question 4 BD et cartoons');
Insert into QUESTION (QUESTIONID,CATEGORYNAME,QUESTION) values ('9','Cinéma','Question 1 Cinéma');
Insert into QUESTION (QUESTIONID,CATEGORYNAME,QUESTION) values ('10','Cinéma','Question 2 Cinéma');
Insert into QUESTION (QUESTIONID,CATEGORYNAME,QUESTION) values ('11','Cinéma','Question 3 Cinéma');
Insert into QUESTION (QUESTIONID,CATEGORYNAME,QUESTION) values ('12','Cinéma','Question 4 Cinéma');
Insert into QUESTION (QUESTIONID,CATEGORYNAME,QUESTION) values ('13','Consoles et Jeux-vidéo','Question 1 Consoles et Jeux-vidéo');
Insert into QUESTION (QUESTIONID,CATEGORYNAME,QUESTION) values ('14','Consoles et Jeux-vidéo','Question 2 Consoles et Jeux-vidéo');
Insert into QUESTION (QUESTIONID,CATEGORYNAME,QUESTION) values ('15','Consoles et Jeux-vidéo','Question 3 Consoles et Jeux-vidéo');
Insert into QUESTION (QUESTIONID,CATEGORYNAME,QUESTION) values ('16','Consoles et Jeux-vidéo','Question 4 Consoles et Jeux-vidéo');

Insert into ANSWER (ANSWERID,QUESTIONID,ANSWER,CORRECT) values ('1','1','Answer 1','0');
Insert into ANSWER (ANSWERID,QUESTIONID,ANSWER,CORRECT) values ('2','1','Answer 2','0');
Insert into ANSWER (ANSWERID,QUESTIONID,ANSWER,CORRECT) values ('3','1','Answer 3','0');
Insert into ANSWER (ANSWERID,QUESTIONID,ANSWER,CORRECT) values ('4','1','Correct','1');
Insert into ANSWER (ANSWERID,QUESTIONID,ANSWER,CORRECT) values ('5','15','Answer 4','0');
Insert into ANSWER (ANSWERID,QUESTIONID,ANSWER,CORRECT) values ('6','2','Answer 1','0');
Insert into ANSWER (ANSWERID,QUESTIONID,ANSWER,CORRECT) values ('7','2','Answer 2','0');
Insert into ANSWER (ANSWERID,QUESTIONID,ANSWER,CORRECT) values ('8','2','Correct','1');
Insert into ANSWER (ANSWERID,QUESTIONID,ANSWER,CORRECT) values ('9','2','Answer 4','0');
Insert into ANSWER (ANSWERID,QUESTIONID,ANSWER,CORRECT) values ('10','3','Answer 1','0');
Insert into ANSWER (ANSWERID,QUESTIONID,ANSWER,CORRECT) values ('11','3','Correct','1');
Insert into ANSWER (ANSWERID,QUESTIONID,ANSWER,CORRECT) values ('12','3','Answer 3','0');
Insert into ANSWER (ANSWERID,QUESTIONID,ANSWER,CORRECT) values ('13','3','Answer 4','0');
Insert into ANSWER (ANSWERID,QUESTIONID,ANSWER,CORRECT) values ('14','4','Correct','1');
Insert into ANSWER (ANSWERID,QUESTIONID,ANSWER,CORRECT) values ('15','4','Answer 1','0');
Insert into ANSWER (ANSWERID,QUESTIONID,ANSWER,CORRECT) values ('16','4','Answer 3','0');
Insert into ANSWER (ANSWERID,QUESTIONID,ANSWER,CORRECT) values ('17','4','Answer 4','0');
Insert into ANSWER (ANSWERID,QUESTIONID,ANSWER,CORRECT) values ('18','5','Answer 1','0');
Insert into ANSWER (ANSWERID,QUESTIONID,ANSWER,CORRECT) values ('19','5','Answer 2','0');
Insert into ANSWER (ANSWERID,QUESTIONID,ANSWER,CORRECT) values ('20','5','Answer 3','0');
Insert into ANSWER (ANSWERID,QUESTIONID,ANSWER,CORRECT) values ('21','5','Correct','1');
Insert into ANSWER (ANSWERID,QUESTIONID,ANSWER,CORRECT) values ('22','6','Answer 1','0');
Insert into ANSWER (ANSWERID,QUESTIONID,ANSWER,CORRECT) values ('23','6','Answer 2','0');
Insert into ANSWER (ANSWERID,QUESTIONID,ANSWER,CORRECT) values ('24','6','Correct','1');
Insert into ANSWER (ANSWERID,QUESTIONID,ANSWER,CORRECT) values ('25','6','Answer 4','0');
Insert into ANSWER (ANSWERID,QUESTIONID,ANSWER,CORRECT) values ('26','7','Answer 1','0');
Insert into ANSWER (ANSWERID,QUESTIONID,ANSWER,CORRECT) values ('27','7','Correct','1');
Insert into ANSWER (ANSWERID,QUESTIONID,ANSWER,CORRECT) values ('28','7','Answer 3','0');
Insert into ANSWER (ANSWERID,QUESTIONID,ANSWER,CORRECT) values ('29','7','Answer 4','0');
Insert into ANSWER (ANSWERID,QUESTIONID,ANSWER,CORRECT) values ('30','8','Correct','1');
Insert into ANSWER (ANSWERID,QUESTIONID,ANSWER,CORRECT) values ('31','8','Answer 1','0');
Insert into ANSWER (ANSWERID,QUESTIONID,ANSWER,CORRECT) values ('32','8','Answer 3','0');
Insert into ANSWER (ANSWERID,QUESTIONID,ANSWER,CORRECT) values ('33','8','Answer 4','0');
Insert into ANSWER (ANSWERID,QUESTIONID,ANSWER,CORRECT) values ('34','9','Answer 1','0');
Insert into ANSWER (ANSWERID,QUESTIONID,ANSWER,CORRECT) values ('35','9','Answer 2','0');
Insert into ANSWER (ANSWERID,QUESTIONID,ANSWER,CORRECT) values ('36','9','Answer 3','0');
Insert into ANSWER (ANSWERID,QUESTIONID,ANSWER,CORRECT) values ('37','9','Correct','1');
Insert into ANSWER (ANSWERID,QUESTIONID,ANSWER,CORRECT) values ('38','10','Answer 1','0');
Insert into ANSWER (ANSWERID,QUESTIONID,ANSWER,CORRECT) values ('39','10','Answer 2','0');
Insert into ANSWER (ANSWERID,QUESTIONID,ANSWER,CORRECT) values ('40','10','Correct','1');
Insert into ANSWER (ANSWERID,QUESTIONID,ANSWER,CORRECT) values ('41','10','Answer 4','0');
Insert into ANSWER (ANSWERID,QUESTIONID,ANSWER,CORRECT) values ('42','11','Answer 1','0');
Insert into ANSWER (ANSWERID,QUESTIONID,ANSWER,CORRECT) values ('43','11','Correct','1');
Insert into ANSWER (ANSWERID,QUESTIONID,ANSWER,CORRECT) values ('44','11','Answer 3','0');
Insert into ANSWER (ANSWERID,QUESTIONID,ANSWER,CORRECT) values ('45','11','Answer 4','0');
Insert into ANSWER (ANSWERID,QUESTIONID,ANSWER,CORRECT) values ('46','12','Correct','1');
Insert into ANSWER (ANSWERID,QUESTIONID,ANSWER,CORRECT) values ('47','12','Answer 1','0');
Insert into ANSWER (ANSWERID,QUESTIONID,ANSWER,CORRECT) values ('48','12','Answer 3','0');
Insert into ANSWER (ANSWERID,QUESTIONID,ANSWER,CORRECT) values ('49','12','Answer 4','0');
Insert into ANSWER (ANSWERID,QUESTIONID,ANSWER,CORRECT) values ('50','13','Answer 1','0');
Insert into ANSWER (ANSWERID,QUESTIONID,ANSWER,CORRECT) values ('51','13','Answer 2','0');
Insert into ANSWER (ANSWERID,QUESTIONID,ANSWER,CORRECT) values ('52','13','Answer 3','0');
Insert into ANSWER (ANSWERID,QUESTIONID,ANSWER,CORRECT) values ('53','13','Correct','1');
Insert into ANSWER (ANSWERID,QUESTIONID,ANSWER,CORRECT) values ('54','14','Answer 1','0');
Insert into ANSWER (ANSWERID,QUESTIONID,ANSWER,CORRECT) values ('55','14','Answer 2','0');
Insert into ANSWER (ANSWERID,QUESTIONID,ANSWER,CORRECT) values ('56','14','Correct','1');
Insert into ANSWER (ANSWERID,QUESTIONID,ANSWER,CORRECT) values ('57','14','Answer 4','0');
Insert into ANSWER (ANSWERID,QUESTIONID,ANSWER,CORRECT) values ('58','15','Answer 1','0');
Insert into ANSWER (ANSWERID,QUESTIONID,ANSWER,CORRECT) values ('59','15','Correct','1');
Insert into ANSWER (ANSWERID,QUESTIONID,ANSWER,CORRECT) values ('60','15','Answer 3','0');
Insert into ANSWER (ANSWERID,QUESTIONID,ANSWER,CORRECT) values ('61','16','Correct','1');
Insert into ANSWER (ANSWERID,QUESTIONID,ANSWER,CORRECT) values ('62','16','Answer 1','0');
Insert into ANSWER (ANSWERID,QUESTIONID,ANSWER,CORRECT) values ('63','16','Answer 3','0');
Insert into ANSWER (ANSWERID,QUESTIONID,ANSWER,CORRECT) values ('64','16','Answer 4','0');

Insert into PLAYER (USERNAME,PASSWORD,STATE,SCORE) values ('user34','pqss34','UNAVAILABLE','0');
Insert into PLAYER (USERNAME,PASSWORD,STATE,SCORE) values ('Jmmr','1234','UNAVAILABLE','0');
Insert into PLAYER (USERNAME,PASSWORD,STATE,SCORE) values ('sergio','sergio','UNAVAILABLE','9999');
Insert into PLAYER (USERNAME,PASSWORD,STATE,SCORE) values ('user19','pass19','UNAVAILABLE','0');
Insert into PLAYER (USERNAME,PASSWORD,STATE,SCORE) values ('earojasc','pass','AVAILABLE','0');
Insert into PLAYER (USERNAME,PASSWORD,STATE,SCORE) values ('Jmmr1','Jmmr1','UNAVAILABLE','0');
Insert into PLAYER (USERNAME,PASSWORD,STATE,SCORE) values ('Earojas','1234','UNAVAILABLE','0');
Insert into PLAYER (USERNAME,PASSWORD,STATE,SCORE) values ('user20','pass20','UNAVAILABLE','0');
Insert into PLAYER (USERNAME,PASSWORD,STATE,SCORE) values ('User21','Pass21','UNAVAILABLE','0');

Insert into DUEL (DUELID,STATUS,SCOREPLAYER1,SCOREPLAYER2) values ('1','WAITING','1','0');

Insert into PLAYERDUEL (USERNAME,DUELID) values ('sergio','1');

Insert into ROUND (DUELID,ROUNDID,CATEGORYNAME) values ('1','1','Art et culture');

Insert into ROUNDQUESTION (DUELID,ROUNDID,QUESTIONID) values ('1','1','2');
Insert into ROUNDQUESTION (DUELID,ROUNDID,QUESTIONID) values ('1','1','3');
Insert into ROUNDQUESTION (DUELID,ROUNDID,QUESTIONID) values ('1','1','4');